<?xml version="1.0" encoding="UTF-8"?>
<GenRun Id="impl_1" LaunchPart="xc7a100tcsg324-1" LaunchTime="1554193150">
  <File Type="ROUTE-BUS-SKEW" Name="RST_bus_skew_routed.rpt"/>
  <File Type="PA-DCP" Name="RST.dcp"/>
  <File Type="OPT-HWDEF" Name="RST.hwdef"/>
  <File Type="ROUTE-PWR" Name="RST_power_routed.rpt"/>
  <File Type="PA-TCL" Name="RST.tcl"/>
  <File Type="BITSTR-BMM" Name="RST_bd.bmm"/>
  <File Type="OPT-DCP" Name="RST_opt.dcp"/>
  <File Type="REPORTS-TCL" Name="RST_reports.tcl"/>
  <File Type="ROUTE-PWR-SUM" Name="RST_power_summary_routed.pb"/>
  <File Type="OPT-DRC" Name="RST_drc_opted.rpt"/>
  <File Type="PWROPT-DCP" Name="RST_pwropt.dcp"/>
  <File Type="PLACE-DCP" Name="RST_placed.dcp"/>
  <File Type="PLACE-IO" Name="RST_io_placed.rpt"/>
  <File Type="PLACE-UTIL" Name="RST_utilization_placed.rpt"/>
  <File Type="PLACE-UTIL-PB" Name="RST_utilization_placed.pb"/>
  <File Type="PLACE-CTRL" Name="RST_control_sets_placed.rpt"/>
  <File Type="PLACE-PRE-SIMILARITY" Name="RST_incremental_reuse_pre_placed.rpt"/>
  <File Type="POSTPLACE-PWROPT-DCP" Name="RST_postplace_pwropt.dcp"/>
  <File Type="BG-BIN" Name="RST.bin"/>
  <File Type="PHYSOPT-DCP" Name="RST_physopt.dcp"/>
  <File Type="BITSTR-MSK" Name="RST.msk"/>
  <File Type="ROUTE-ERROR-DCP" Name="RST_routed_error.dcp"/>
  <File Type="ROUTE-DCP" Name="RST_routed.dcp"/>
  <File Type="ROUTE-BLACKBOX-DCP" Name="RST_routed_bb.dcp"/>
  <File Type="ROUTE-DRC" Name="RST_drc_routed.rpt"/>
  <File Type="ROUTE-DRC-PB" Name="RST_drc_routed.pb"/>
  <File Type="ROUTE-DRC-RPX" Name="RST_drc_routed.rpx"/>
  <File Type="BITSTR-LTX" Name="RST.ltx"/>
  <File Type="ROUTE-METHODOLOGY-DRC" Name="RST_methodology_drc_routed.rpt"/>
  <File Type="BITSTR-MMI" Name="RST.mmi"/>
  <File Type="ROUTE-METHODOLOGY-DRC-RPX" Name="RST_methodology_drc_routed.rpx"/>
  <File Type="ROUTE-METHODOLOGY-DRC-PB" Name="RST_methodology_drc_routed.pb"/>
  <File Type="BITSTR-SYSDEF" Name="RST.sysdef"/>
  <File Type="ROUTE-PWR-RPX" Name="RST_power_routed.rpx"/>
  <File Type="ROUTE-STATUS" Name="RST_route_status.rpt"/>
  <File Type="ROUTE-STATUS-PB" Name="RST_route_status.pb"/>
  <File Type="ROUTE-TIMINGSUMMARY" Name="RST_timing_summary_routed.rpt"/>
  <File Type="ROUTE-TIMING-PB" Name="RST_timing_summary_routed.pb"/>
  <File Type="ROUTE-TIMING-RPX" Name="RST_timing_summary_routed.rpx"/>
  <File Type="ROUTE-CLK" Name="RST_clock_utilization_routed.rpt"/>
  <File Type="RDI-RDI" Name="RST.vdi"/>
  <File Type="ROUTE-BUS-SKEW-PB" Name="RST_bus_skew_routed.pb"/>
  <File Type="ROUTE-BUS-SKEW-RPX" Name="RST_bus_skew_routed.rpx"/>
  <File Type="POSTROUTE-PHYSOPT-DCP" Name="RST_postroute_physopt.dcp"/>
  <File Type="POSTROUTE-PHYSOPT-BLACKBOX-DCP" Name="RST_postroute_physopt_bb.dcp"/>
  <File Type="BG-BIT" Name="RST.bit"/>
  <File Type="BITSTR-RBT" Name="RST.rbt"/>
  <File Type="BITSTR-NKY" Name="RST.nky"/>
  <File Type="BG-BGN" Name="RST.bgn"/>
  <File Type="BG-DRC" Name="RST.drc"/>
  <File Type="WBT-USG" Name="usage_statistics_webtalk.html"/>
  <FileSet Name="sources" Type="DesignSrcs" RelSrcDir="$PSRCDIR/sources_1">
    <Filter Type="Srcs"/>
    <File Path="$PSRCDIR/sources_1/new/RST.v">
      <FileInfo>
        <Attr Name="ImportPath" Val="F:/COD/lab2/SRT/SRT.srcs/sources_1/new/RST.v"/>
        <Attr Name="ImportTime" Val="1553777251"/>
        <Attr Name="UsedIn" Val="synthesis"/>
        <Attr Name="UsedIn" Val="implementation"/>
        <Attr Name="UsedIn" Val="simulation"/>
      </FileInfo>
    </File>
    <File Path="$PSRCDIR/sources_1/ip/clk_wiz_0_1/clk_wiz_0.xci">
      <FileInfo>
        <Attr Name="AutoDisabled" Val="1"/>
        <Attr Name="ImportPath" Val="F:/COD/lab2/SRT/SRT.srcs/sources_1/ip/clk_wiz_0_1/clk_wiz_0.xci"/>
        <Attr Name="ImportTime" Val="1553600545"/>
        <Attr Name="UsedIn" Val="synthesis"/>
        <Attr Name="UsedIn" Val="implementation"/>
        <Attr Name="UsedIn" Val="simulation"/>
      </FileInfo>
    </File>
    <Config>
      <Option Name="DesignMode" Val="RTL"/>
      <Option Name="TopModule" Val="RST"/>
      <Option Name="TopAutoSet" Val="TRUE"/>
    </Config>
  </FileSet>
  <FileSet Name="constrs_in" Type="Constrs" RelSrcDir="$PSRCDIR/constrs_1">
    <Filter Type="Constrs"/>
    <File Path="$PSRCDIR/constrs_1/imports/SRT/Nexys4DDR_Master.xdc">
      <FileInfo>
        <Attr Name="ImportPath" Val="F:/COD/lab2/SRT/Nexys4DDR_Master.xdc"/>
        <Attr Name="ImportTime" Val="1553771741"/>
        <Attr Name="UsedIn" Val="synthesis"/>
        <Attr Name="UsedIn" Val="implementation"/>
      </FileInfo>
    </File>
    <Config>
      <Option Name="ConstrsType" Val="XDC"/>
    </Config>
  </FileSet>
  <Strategy Version="1" Minor="2">
    <StratHandle Name="Vivado Implementation Defaults" Flow="Vivado Implementation 2018"/>
    <Step Id="init_design"/>
    <Step Id="opt_design"/>
    <Step Id="power_opt_design"/>
    <Step Id="place_design"/>
    <Step Id="post_place_power_opt_design"/>
    <Step Id="phys_opt_design"/>
    <Step Id="route_design"/>
    <Step Id="post_route_phys_opt_design"/>
    <Step Id="write_bitstream"/>
  </Strategy>
</GenRun>
