<?xml version="1.0" encoding="UTF-8"?>
<GenRun Id="synth_1" LaunchPart="xc7a100tcsg324-1" LaunchTime="1556273949">
  <File Type="PA-TCL" Name="board_top.tcl"/>
  <File Type="REPORTS-TCL" Name="board_top_reports.tcl"/>
  <File Type="RDS-RDS" Name="board_top.vds"/>
  <File Type="RDS-UTIL" Name="board_top_utilization_synth.rpt"/>
  <File Type="RDS-UTIL-PB" Name="board_top_utilization_synth.pb"/>
  <File Type="RDS-DCP" Name="board_top.dcp"/>
  <FileSet Name="sources" Type="DesignSrcs" RelSrcDir="$PSRCDIR/sources_1">
    <Filter Type="Srcs"/>
    <File Path="$PSRCDIR/sources_1/new/DCU.v">
      <FileInfo>
        <Attr Name="ImportPath" Val="F:/COD/lab4/paintboard/paintboard.srcs/sources_1/new/DCU.v"/>
        <Attr Name="ImportTime" Val="1556241236"/>
        <Attr Name="UsedIn" Val="synthesis"/>
        <Attr Name="UsedIn" Val="implementation"/>
        <Attr Name="UsedIn" Val="simulation"/>
      </FileInfo>
    </File>
    <File Path="$PSRCDIR/sources_1/new/PCU.v">
      <FileInfo>
        <Attr Name="ImportPath" Val="F:/COD/lab4/paintboard/paintboard.srcs/sources_1/new/PCU.v"/>
        <Attr Name="ImportTime" Val="1556275803"/>
        <Attr Name="UsedIn" Val="synthesis"/>
        <Attr Name="UsedIn" Val="implementation"/>
        <Attr Name="UsedIn" Val="simulation"/>
      </FileInfo>
    </File>
    <File Path="$PSRCDIR/sources_1/new/board_top.v">
      <FileInfo>
        <Attr Name="ImportPath" Val="F:/COD/lab4/paintboard/paintboard.srcs/sources_1/new/board_top.v"/>
        <Attr Name="ImportTime" Val="1556238576"/>
        <Attr Name="UsedIn" Val="synthesis"/>
        <Attr Name="UsedIn" Val="implementation"/>
        <Attr Name="UsedIn" Val="simulation"/>
      </FileInfo>
    </File>
    <File Path="$PSRCDIR/sources_1/imports/paintboard/init.coe">
      <FileInfo>
        <Attr Name="ImportPath" Val="F:/COD/lab4/paintboard/init.coe"/>
        <Attr Name="ImportTime" Val="1555940050"/>
        <Attr Name="UsedIn" Val="synthesis"/>
        <Attr Name="UsedIn" Val="simulation"/>
      </FileInfo>
    </File>
    <Config>
      <Option Name="DesignMode" Val="RTL"/>
      <Option Name="TopModule" Val="board_top"/>
      <Option Name="TopAutoSet" Val="TRUE"/>
    </Config>
  </FileSet>
  <FileSet Name="constrs_in" Type="Constrs" RelSrcDir="$PSRCDIR/constrs_1">
    <Filter Type="Constrs"/>
    <File Path="$PSRCDIR/constrs_1/imports/paintboard/Nexys4DDR_Master.xdc">
      <FileInfo>
        <Attr Name="ImportPath" Val="F:/COD/lab4/paintboard/Nexys4DDR_Master.xdc"/>
        <Attr Name="ImportTime" Val="1556275973"/>
        <Attr Name="UsedIn" Val="synthesis"/>
        <Attr Name="UsedIn" Val="implementation"/>
      </FileInfo>
    </File>
    <Config>
      <Option Name="ConstrsType" Val="XDC"/>
    </Config>
  </FileSet>
  <Strategy Version="1" Minor="2">
    <StratHandle Name="Vivado Synthesis Defaults" Flow="Vivado Synthesis 2018"/>
    <Step Id="synth_design"/>
  </Strategy>
  <BlockFileSet Type="BlockSrcs" Name="dist_mem_gen_0"/>
  <BlockFileSet Type="BlockSrcs" Name="clk_wiz_0"/>
</GenRun>
