<?xml version="1.0" encoding="UTF-8"?>
<GenRun Id="impl_1" LaunchPart="xc7a100tcsg324-1" LaunchTime="1555670129">
  <File Type="ROUTE-PWR" Name="FIFO_power_routed.rpt"/>
  <File Type="PA-TCL" Name="FIFO.tcl"/>
  <File Type="BITSTR-BMM" Name="FIFO_bd.bmm"/>
  <File Type="ROUTE-PWR-SUM" Name="FIFO_power_summary_routed.pb"/>
  <File Type="REPORTS-TCL" Name="FIFO_reports.tcl"/>
  <File Type="OPT-DCP" Name="FIFO_opt.dcp"/>
  <File Type="OPT-DRC" Name="FIFO_drc_opted.rpt"/>
  <File Type="OPT-HWDEF" Name="FIFO.hwdef"/>
  <File Type="PWROPT-DCP" Name="FIFO_pwropt.dcp"/>
  <File Type="PLACE-DCP" Name="FIFO_placed.dcp"/>
  <File Type="PLACE-IO" Name="FIFO_io_placed.rpt"/>
  <File Type="PLACE-UTIL" Name="FIFO_utilization_placed.rpt"/>
  <File Type="PLACE-UTIL-PB" Name="FIFO_utilization_placed.pb"/>
  <File Type="PLACE-CTRL" Name="FIFO_control_sets_placed.rpt"/>
  <File Type="PLACE-PRE-SIMILARITY" Name="FIFO_incremental_reuse_pre_placed.rpt"/>
  <File Type="BG-BGN" Name="FIFO.bgn"/>
  <File Type="POSTPLACE-PWROPT-DCP" Name="FIFO_postplace_pwropt.dcp"/>
  <File Type="BG-BIN" Name="FIFO.bin"/>
  <File Type="PHYSOPT-DCP" Name="FIFO_physopt.dcp"/>
  <File Type="BITSTR-MSK" Name="FIFO.msk"/>
  <File Type="ROUTE-ERROR-DCP" Name="FIFO_routed_error.dcp"/>
  <File Type="ROUTE-DCP" Name="FIFO_routed.dcp"/>
  <File Type="ROUTE-BLACKBOX-DCP" Name="FIFO_routed_bb.dcp"/>
  <File Type="ROUTE-DRC" Name="FIFO_drc_routed.rpt"/>
  <File Type="ROUTE-DRC-PB" Name="FIFO_drc_routed.pb"/>
  <File Type="ROUTE-DRC-RPX" Name="FIFO_drc_routed.rpx"/>
  <File Type="BITSTR-LTX" Name="FIFO.ltx"/>
  <File Type="ROUTE-METHODOLOGY-DRC" Name="FIFO_methodology_drc_routed.rpt"/>
  <File Type="BITSTR-MMI" Name="FIFO.mmi"/>
  <File Type="ROUTE-METHODOLOGY-DRC-RPX" Name="FIFO_methodology_drc_routed.rpx"/>
  <File Type="ROUTE-METHODOLOGY-DRC-PB" Name="FIFO_methodology_drc_routed.pb"/>
  <File Type="BITSTR-SYSDEF" Name="FIFO.sysdef"/>
  <File Type="ROUTE-PWR-RPX" Name="FIFO_power_routed.rpx"/>
  <File Type="ROUTE-STATUS" Name="FIFO_route_status.rpt"/>
  <File Type="ROUTE-STATUS-PB" Name="FIFO_route_status.pb"/>
  <File Type="ROUTE-TIMINGSUMMARY" Name="FIFO_timing_summary_routed.rpt"/>
  <File Type="ROUTE-TIMING-PB" Name="FIFO_timing_summary_routed.pb"/>
  <File Type="ROUTE-TIMING-RPX" Name="FIFO_timing_summary_routed.rpx"/>
  <File Type="ROUTE-CLK" Name="FIFO_clock_utilization_routed.rpt"/>
  <File Type="ROUTE-BUS-SKEW" Name="FIFO_bus_skew_routed.rpt"/>
  <File Type="ROUTE-BUS-SKEW-PB" Name="FIFO_bus_skew_routed.pb"/>
  <File Type="ROUTE-BUS-SKEW-RPX" Name="FIFO_bus_skew_routed.rpx"/>
  <File Type="POSTROUTE-PHYSOPT-DCP" Name="FIFO_postroute_physopt.dcp"/>
  <File Type="POSTROUTE-PHYSOPT-BLACKBOX-DCP" Name="FIFO_postroute_physopt_bb.dcp"/>
  <File Type="BG-BIT" Name="FIFO.bit"/>
  <File Type="BITSTR-RBT" Name="FIFO.rbt"/>
  <File Type="BITSTR-NKY" Name="FIFO.nky"/>
  <File Type="BG-DRC" Name="FIFO.drc"/>
  <File Type="RDI-RDI" Name="FIFO.vdi"/>
  <File Type="WBT-USG" Name="usage_statistics_webtalk.html"/>
  <FileSet Name="sources" Type="DesignSrcs" RelSrcDir="$PSRCDIR/sources_1">
    <Filter Type="Srcs"/>
    <File Path="$PSRCDIR/sources_1/new/FIFO.v">
      <FileInfo>
        <Attr Name="ImportPath" Val="D:/VIVADO_Project/COD/lab3_FIFO/lab3_FIFO.srcs/sources_1/new/FIFO.v"/>
        <Attr Name="ImportTime" Val="1555670093"/>
        <Attr Name="UsedIn" Val="synthesis"/>
        <Attr Name="UsedIn" Val="implementation"/>
        <Attr Name="UsedIn" Val="simulation"/>
      </FileInfo>
    </File>
    <Config>
      <Option Name="DesignMode" Val="RTL"/>
      <Option Name="TopModule" Val="FIFO"/>
      <Option Name="TopAutoSet" Val="TRUE"/>
    </Config>
  </FileSet>
  <FileSet Name="constrs_in" Type="Constrs" RelSrcDir="$PSRCDIR/constrs_1">
    <Filter Type="Constrs"/>
    <File Path="$PSRCDIR/constrs_1/new/FIFO.xdc">
      <FileInfo>
        <Attr Name="ImportPath" Val="D:/VIVADO_Project/COD/lab3_FIFO/lab3_FIFO.srcs/constrs_1/new/FIFO.xdc"/>
        <Attr Name="ImportTime" Val="1555669119"/>
        <Attr Name="UsedIn" Val="synthesis"/>
        <Attr Name="UsedIn" Val="implementation"/>
      </FileInfo>
    </File>
    <Config>
      <Option Name="ConstrsType" Val="XDC"/>
    </Config>
  </FileSet>
  <Strategy Version="1" Minor="2">
    <StratHandle Name="Vivado Implementation Defaults" Flow="Vivado Implementation 2018"/>
    <Step Id="init_design"/>
    <Step Id="opt_design"/>
    <Step Id="power_opt_design"/>
    <Step Id="place_design"/>
    <Step Id="post_place_power_opt_design"/>
    <Step Id="phys_opt_design"/>
    <Step Id="route_design"/>
    <Step Id="post_route_phys_opt_design"/>
    <Step Id="write_bitstream"/>
  </Strategy>
  <BlockFileSet Type="BlockSrcs" Name="clk_wiz_0"/>
</GenRun>
