<?xml version="1.0" encoding="UTF-8"?>
<GenRun Id="impl_1" LaunchPart="xc7a100tcsg324-1" LaunchTime="1558681202">
  <File Type="PA-TCL" Name="DDU.tcl"/>
  <File Type="BITSTR-BMM" Name="DDU_bd.bmm"/>
  <File Type="REPORTS-TCL" Name="DDU_reports.tcl"/>
  <File Type="OPT-DCP" Name="DDU_opt.dcp"/>
  <File Type="OPT-HWDEF" Name="DDU.hwdef"/>
  <File Type="PWROPT-DCP" Name="DDU_pwropt.dcp"/>
  <File Type="PLACE-DCP" Name="DDU_placed.dcp"/>
  <File Type="PLACE-PRE-SIMILARITY" Name="DDU_incremental_reuse_pre_placed.rpt"/>
  <File Type="BG-BGN" Name="DDU.bgn"/>
  <File Type="POSTPLACE-PWROPT-DCP" Name="DDU_postplace_pwropt.dcp"/>
  <File Type="BG-BIN" Name="DDU.bin"/>
  <File Type="PHYSOPT-DCP" Name="DDU_physopt.dcp"/>
  <File Type="BITSTR-MSK" Name="DDU.msk"/>
  <File Type="ROUTE-ERROR-DCP" Name="DDU_routed_error.dcp"/>
  <File Type="ROUTE-DCP" Name="DDU_routed.dcp"/>
  <File Type="ROUTE-BLACKBOX-DCP" Name="DDU_routed_bb.dcp"/>
  <File Type="BITSTR-LTX" Name="DDU.ltx"/>
  <File Type="BITSTR-MMI" Name="DDU.mmi"/>
  <File Type="BITSTR-SYSDEF" Name="DDU.sysdef"/>
  <File Type="ROUTE-TIMING-PB" Name="DDU_timing_summary_routed.pb"/>
  <File Type="POSTROUTE-PHYSOPT-DCP" Name="DDU_postroute_physopt.dcp"/>
  <File Type="POSTROUTE-PHYSOPT-BLACKBOX-DCP" Name="DDU_postroute_physopt_bb.dcp"/>
  <File Type="BG-BIT" Name="DDU.bit"/>
  <File Type="BITSTR-RBT" Name="DDU.rbt"/>
  <File Type="BITSTR-NKY" Name="DDU.nky"/>
  <File Type="BG-DRC" Name="DDU.drc"/>
  <File Type="RDI-RDI" Name="DDU.vdi"/>
  <File Type="WBT-USG" Name="usage_statistics_webtalk.html"/>
  <FileSet Name="sources" Type="DesignSrcs" RelSrcDir="$PSRCDIR/sources_1">
    <Filter Type="Srcs"/>
    <File Path="$PSRCDIR/sources_1/new/ALU.v">
      <FileInfo>
        <Attr Name="ImportPath" Val="$PPRDIR/../../../../MUL_MIPS_CPU.srcs/sources_1/new/ALU.v"/>
        <Attr Name="ImportTime" Val="1558665490"/>
        <Attr Name="UsedIn" Val="synthesis"/>
        <Attr Name="UsedIn" Val="implementation"/>
        <Attr Name="UsedIn" Val="simulation"/>
      </FileInfo>
    </File>
    <File Path="$PSRCDIR/sources_1/new/ALU_Operands.v">
      <FileInfo>
        <Attr Name="ImportPath" Val="$PPRDIR/../../../../MUL_MIPS_CPU.srcs/sources_1/new/ALU_Operands.v"/>
        <Attr Name="ImportTime" Val="1558665279"/>
        <Attr Name="UsedIn" Val="synthesis"/>
        <Attr Name="UsedIn" Val="implementation"/>
        <Attr Name="UsedIn" Val="simulation"/>
      </FileInfo>
    </File>
    <File Path="$PSRCDIR/sources_1/new/ALU_control.v">
      <FileInfo>
        <Attr Name="ImportPath" Val="$PPRDIR/../../../../MUL_MIPS_CPU.srcs/sources_1/new/ALU_control.v"/>
        <Attr Name="ImportTime" Val="1558358613"/>
        <Attr Name="UsedIn" Val="synthesis"/>
        <Attr Name="UsedIn" Val="implementation"/>
        <Attr Name="UsedIn" Val="simulation"/>
      </FileInfo>
    </File>
    <File Path="$PSRCDIR/sources_1/new/ALU_out.v">
      <FileInfo>
        <Attr Name="ImportPath" Val="$PPRDIR/../../../../MUL_MIPS_CPU.srcs/sources_1/new/ALU_out.v"/>
        <Attr Name="ImportTime" Val="1558604263"/>
        <Attr Name="UsedIn" Val="synthesis"/>
        <Attr Name="UsedIn" Val="implementation"/>
        <Attr Name="UsedIn" Val="simulation"/>
      </FileInfo>
    </File>
    <File Path="$PSRCDIR/sources_1/new/IRnMDR.v">
      <FileInfo>
        <Attr Name="ImportPath" Val="$PPRDIR/../../../../MUL_MIPS_CPU.srcs/sources_1/new/IRnMDR.v"/>
        <Attr Name="ImportTime" Val="1558613734"/>
        <Attr Name="UsedIn" Val="synthesis"/>
        <Attr Name="UsedIn" Val="implementation"/>
        <Attr Name="UsedIn" Val="simulation"/>
      </FileInfo>
    </File>
    <File Path="$PSRCDIR/sources_1/new/MEM.v">
      <FileInfo>
        <Attr Name="ImportPath" Val="$PPRDIR/../../../../MUL_MIPS_CPU.srcs/sources_1/new/MEM.v"/>
        <Attr Name="ImportTime" Val="1558667503"/>
        <Attr Name="UsedIn" Val="synthesis"/>
        <Attr Name="UsedIn" Val="implementation"/>
        <Attr Name="UsedIn" Val="simulation"/>
      </FileInfo>
    </File>
    <File Path="$PSRCDIR/sources_1/new/PC.v">
      <FileInfo>
        <Attr Name="ImportPath" Val="$PPRDIR/../../../../MUL_MIPS_CPU.srcs/sources_1/new/PC.v"/>
        <Attr Name="ImportTime" Val="1558666839"/>
        <Attr Name="UsedIn" Val="synthesis"/>
        <Attr Name="UsedIn" Val="implementation"/>
        <Attr Name="UsedIn" Val="simulation"/>
      </FileInfo>
    </File>
    <File Path="$PSRCDIR/sources_1/new/PC1.v">
      <FileInfo>
        <Attr Name="ImportPath" Val="$PPRDIR/../../../../MUL_MIPS_CPU.srcs/sources_1/new/PC1.v"/>
        <Attr Name="ImportTime" Val="1558667733"/>
        <Attr Name="UsedIn" Val="synthesis"/>
        <Attr Name="UsedIn" Val="implementation"/>
        <Attr Name="UsedIn" Val="simulation"/>
      </FileInfo>
    </File>
    <File Path="$PSRCDIR/sources_1/new/RF.v">
      <FileInfo>
        <Attr Name="ImportPath" Val="$PPRDIR/../../../../MUL_MIPS_CPU.srcs/sources_1/new/RF.v"/>
        <Attr Name="ImportTime" Val="1558665769"/>
        <Attr Name="UsedIn" Val="synthesis"/>
        <Attr Name="UsedIn" Val="implementation"/>
        <Attr Name="UsedIn" Val="simulation"/>
      </FileInfo>
    </File>
    <File Path="$PSRCDIR/sources_1/new/RFout_AB.v">
      <FileInfo>
        <Attr Name="ImportPath" Val="$PPRDIR/../../../../MUL_MIPS_CPU.srcs/sources_1/new/RFout_AB.v"/>
        <Attr Name="ImportTime" Val="1558603168"/>
        <Attr Name="UsedIn" Val="synthesis"/>
        <Attr Name="UsedIn" Val="implementation"/>
        <Attr Name="UsedIn" Val="simulation"/>
      </FileInfo>
    </File>
    <File Path="$PSRCDIR/sources_1/new/con_IR_RF.v">
      <FileInfo>
        <Attr Name="ImportPath" Val="$PPRDIR/../../../../MUL_MIPS_CPU.srcs/sources_1/new/con_IR_RF.v"/>
        <Attr Name="ImportTime" Val="1558665840"/>
        <Attr Name="UsedIn" Val="synthesis"/>
        <Attr Name="UsedIn" Val="implementation"/>
        <Attr Name="UsedIn" Val="simulation"/>
      </FileInfo>
    </File>
    <File Path="$PSRCDIR/sources_1/new/control_unit.v">
      <FileInfo>
        <Attr Name="ImportPath" Val="$PPRDIR/../../../../MUL_MIPS_CPU.srcs/sources_1/new/control_unit.v"/>
        <Attr Name="ImportTime" Val="1558667262"/>
        <Attr Name="UsedIn" Val="synthesis"/>
        <Attr Name="UsedIn" Val="implementation"/>
        <Attr Name="UsedIn" Val="simulation"/>
      </FileInfo>
    </File>
    <File Path="$PSRCDIR/sources_1/new/cpu.v">
      <FileInfo>
        <Attr Name="ImportPath" Val="$PPRDIR/../../../../MUL_MIPS_CPU.srcs/sources_1/new/cpu.v"/>
        <Attr Name="ImportTime" Val="1558667773"/>
        <Attr Name="UsedIn" Val="synthesis"/>
        <Attr Name="UsedIn" Val="implementation"/>
        <Attr Name="UsedIn" Val="simulation"/>
      </FileInfo>
    </File>
    <File Path="$PSRCDIR/sources_1/new/seg.v">
      <FileInfo>
        <Attr Name="ImportPath" Val="$PPRDIR/../../../../MUL_MIPS_CPU.srcs/sources_1/new/seg.v"/>
        <Attr Name="ImportTime" Val="1558680582"/>
        <Attr Name="UsedIn" Val="synthesis"/>
        <Attr Name="UsedIn" Val="implementation"/>
        <Attr Name="UsedIn" Val="simulation"/>
      </FileInfo>
    </File>
    <File Path="$PSRCDIR/sources_1/new/DDU.v">
      <FileInfo>
        <Attr Name="ImportPath" Val="$PPRDIR/../../../../MUL_MIPS_CPU.srcs/sources_1/new/DDU.v"/>
        <Attr Name="ImportTime" Val="1558681311"/>
        <Attr Name="UsedIn" Val="synthesis"/>
        <Attr Name="UsedIn" Val="implementation"/>
        <Attr Name="UsedIn" Val="simulation"/>
      </FileInfo>
    </File>
    <File Path="$PSRCDIR/sources_1/imports/lab5/inst_rom.coe">
      <FileInfo>
        <Attr Name="ImportPath" Val="$PPRDIR/../../../../../inst_rom.coe"/>
        <Attr Name="ImportTime" Val="1558522751"/>
        <Attr Name="UsedIn" Val="synthesis"/>
        <Attr Name="UsedIn" Val="simulation"/>
      </FileInfo>
    </File>
    <Config>
      <Option Name="DesignMode" Val="RTL"/>
      <Option Name="TopModule" Val="DDU"/>
    </Config>
  </FileSet>
  <FileSet Name="constrs_in" Type="Constrs" RelSrcDir="$PSRCDIR/constrs_1">
    <Filter Type="Constrs"/>
    <File Path="$PSRCDIR/constrs_1/imports/lab5/Nexys4DDR_Master.xdc">
      <FileInfo>
        <Attr Name="ImportPath" Val="$PPRDIR/../../../../../Nexys4DDR_Master.xdc"/>
        <Attr Name="ImportTime" Val="1558679434"/>
        <Attr Name="UsedIn" Val="synthesis"/>
        <Attr Name="UsedIn" Val="implementation"/>
      </FileInfo>
    </File>
    <Config>
      <Option Name="ConstrsType" Val="XDC"/>
    </Config>
  </FileSet>
  <Strategy Version="1" Minor="2">
    <StratHandle Name="Vivado Implementation Defaults" Flow="Vivado Implementation 2018"/>
    <Step Id="init_design"/>
    <Step Id="opt_design"/>
    <Step Id="power_opt_design"/>
    <Step Id="place_design"/>
    <Step Id="post_place_power_opt_design"/>
    <Step Id="phys_opt_design"/>
    <Step Id="route_design"/>
    <Step Id="post_route_phys_opt_design"/>
    <Step Id="write_bitstream"/>
  </Strategy>
  <BlockFileSet Type="BlockSrcs" Name="dist_mem_gen_0"/>
</GenRun>
