<?xml version="1.0" encoding="UTF-8"?>
<GenRun Id="impl_1" LaunchPart="xc7a100tcsg324-1" LaunchTime="1556273949">
  <File Type="ROUTE-PWR" Name="board_top_power_routed.rpt"/>
  <File Type="PA-TCL" Name="board_top.tcl"/>
  <File Type="BITSTR-BMM" Name="board_top_bd.bmm"/>
  <File Type="ROUTE-PWR-SUM" Name="board_top_power_summary_routed.pb"/>
  <File Type="REPORTS-TCL" Name="board_top_reports.tcl"/>
  <File Type="OPT-DCP" Name="board_top_opt.dcp"/>
  <File Type="OPT-DRC" Name="board_top_drc_opted.rpt"/>
  <File Type="OPT-HWDEF" Name="board_top.hwdef"/>
  <File Type="PWROPT-DCP" Name="board_top_pwropt.dcp"/>
  <File Type="PLACE-DCP" Name="board_top_placed.dcp"/>
  <File Type="PLACE-IO" Name="board_top_io_placed.rpt"/>
  <File Type="PLACE-UTIL" Name="board_top_utilization_placed.rpt"/>
  <File Type="PLACE-UTIL-PB" Name="board_top_utilization_placed.pb"/>
  <File Type="PLACE-CTRL" Name="board_top_control_sets_placed.rpt"/>
  <File Type="PLACE-PRE-SIMILARITY" Name="board_top_incremental_reuse_pre_placed.rpt"/>
  <File Type="BG-BGN" Name="board_top.bgn"/>
  <File Type="POSTPLACE-PWROPT-DCP" Name="board_top_postplace_pwropt.dcp"/>
  <File Type="BG-BIN" Name="board_top.bin"/>
  <File Type="PHYSOPT-DCP" Name="board_top_physopt.dcp"/>
  <File Type="BITSTR-MSK" Name="board_top.msk"/>
  <File Type="ROUTE-ERROR-DCP" Name="board_top_routed_error.dcp"/>
  <File Type="ROUTE-DCP" Name="board_top_routed.dcp"/>
  <File Type="ROUTE-BLACKBOX-DCP" Name="board_top_routed_bb.dcp"/>
  <File Type="ROUTE-DRC" Name="board_top_drc_routed.rpt"/>
  <File Type="ROUTE-DRC-PB" Name="board_top_drc_routed.pb"/>
  <File Type="ROUTE-DRC-RPX" Name="board_top_drc_routed.rpx"/>
  <File Type="BITSTR-LTX" Name="board_top.ltx"/>
  <File Type="ROUTE-METHODOLOGY-DRC" Name="board_top_methodology_drc_routed.rpt"/>
  <File Type="BITSTR-MMI" Name="board_top.mmi"/>
  <File Type="ROUTE-METHODOLOGY-DRC-RPX" Name="board_top_methodology_drc_routed.rpx"/>
  <File Type="ROUTE-METHODOLOGY-DRC-PB" Name="board_top_methodology_drc_routed.pb"/>
  <File Type="BITSTR-SYSDEF" Name="board_top.sysdef"/>
  <File Type="ROUTE-PWR-RPX" Name="board_top_power_routed.rpx"/>
  <File Type="ROUTE-STATUS" Name="board_top_route_status.rpt"/>
  <File Type="ROUTE-STATUS-PB" Name="board_top_route_status.pb"/>
  <File Type="ROUTE-TIMINGSUMMARY" Name="board_top_timing_summary_routed.rpt"/>
  <File Type="ROUTE-TIMING-PB" Name="board_top_timing_summary_routed.pb"/>
  <File Type="ROUTE-TIMING-RPX" Name="board_top_timing_summary_routed.rpx"/>
  <File Type="ROUTE-CLK" Name="board_top_clock_utilization_routed.rpt"/>
  <File Type="ROUTE-BUS-SKEW" Name="board_top_bus_skew_routed.rpt"/>
  <File Type="ROUTE-BUS-SKEW-PB" Name="board_top_bus_skew_routed.pb"/>
  <File Type="ROUTE-BUS-SKEW-RPX" Name="board_top_bus_skew_routed.rpx"/>
  <File Type="POSTROUTE-PHYSOPT-DCP" Name="board_top_postroute_physopt.dcp"/>
  <File Type="POSTROUTE-PHYSOPT-BLACKBOX-DCP" Name="board_top_postroute_physopt_bb.dcp"/>
  <File Type="BG-BIT" Name="board_top.bit"/>
  <File Type="BITSTR-RBT" Name="board_top.rbt"/>
  <File Type="BITSTR-NKY" Name="board_top.nky"/>
  <File Type="BG-DRC" Name="board_top.drc"/>
  <File Type="RDI-RDI" Name="board_top.vdi"/>
  <File Type="WBT-USG" Name="usage_statistics_webtalk.html"/>
  <FileSet Name="sources" Type="DesignSrcs" RelSrcDir="$PSRCDIR/sources_1">
    <Filter Type="Srcs"/>
    <File Path="$PSRCDIR/sources_1/new/DCU.v">
      <FileInfo>
        <Attr Name="ImportPath" Val="F:/COD/lab4/paintboard/paintboard.srcs/sources_1/new/DCU.v"/>
        <Attr Name="ImportTime" Val="1556241236"/>
        <Attr Name="UsedIn" Val="synthesis"/>
        <Attr Name="UsedIn" Val="implementation"/>
        <Attr Name="UsedIn" Val="simulation"/>
      </FileInfo>
    </File>
    <File Path="$PSRCDIR/sources_1/new/PCU.v">
      <FileInfo>
        <Attr Name="ImportPath" Val="F:/COD/lab4/paintboard/paintboard.srcs/sources_1/new/PCU.v"/>
        <Attr Name="ImportTime" Val="1556275803"/>
        <Attr Name="UsedIn" Val="synthesis"/>
        <Attr Name="UsedIn" Val="implementation"/>
        <Attr Name="UsedIn" Val="simulation"/>
      </FileInfo>
    </File>
    <File Path="$PSRCDIR/sources_1/new/board_top.v">
      <FileInfo>
        <Attr Name="ImportPath" Val="F:/COD/lab4/paintboard/paintboard.srcs/sources_1/new/board_top.v"/>
        <Attr Name="ImportTime" Val="1556238576"/>
        <Attr Name="UsedIn" Val="synthesis"/>
        <Attr Name="UsedIn" Val="implementation"/>
        <Attr Name="UsedIn" Val="simulation"/>
      </FileInfo>
    </File>
    <File Path="$PSRCDIR/sources_1/imports/paintboard/init.coe">
      <FileInfo>
        <Attr Name="ImportPath" Val="F:/COD/lab4/paintboard/init.coe"/>
        <Attr Name="ImportTime" Val="1555940050"/>
        <Attr Name="UsedIn" Val="synthesis"/>
        <Attr Name="UsedIn" Val="simulation"/>
      </FileInfo>
    </File>
    <Config>
      <Option Name="DesignMode" Val="RTL"/>
      <Option Name="TopModule" Val="board_top"/>
      <Option Name="TopAutoSet" Val="TRUE"/>
    </Config>
  </FileSet>
  <FileSet Name="constrs_in" Type="Constrs" RelSrcDir="$PSRCDIR/constrs_1">
    <Filter Type="Constrs"/>
    <File Path="$PSRCDIR/constrs_1/imports/paintboard/Nexys4DDR_Master.xdc">
      <FileInfo>
        <Attr Name="ImportPath" Val="F:/COD/lab4/paintboard/Nexys4DDR_Master.xdc"/>
        <Attr Name="ImportTime" Val="1556275973"/>
        <Attr Name="UsedIn" Val="synthesis"/>
        <Attr Name="UsedIn" Val="implementation"/>
      </FileInfo>
    </File>
    <Config>
      <Option Name="ConstrsType" Val="XDC"/>
    </Config>
  </FileSet>
  <Strategy Version="1" Minor="2">
    <StratHandle Name="Vivado Implementation Defaults" Flow="Vivado Implementation 2018"/>
    <Step Id="init_design"/>
    <Step Id="opt_design"/>
    <Step Id="power_opt_design"/>
    <Step Id="place_design"/>
    <Step Id="post_place_power_opt_design"/>
    <Step Id="phys_opt_design"/>
    <Step Id="route_design"/>
    <Step Id="post_route_phys_opt_design"/>
    <Step Id="write_bitstream"/>
  </Strategy>
  <BlockFileSet Type="BlockSrcs" Name="dist_mem_gen_0"/>
  <BlockFileSet Type="BlockSrcs" Name="clk_wiz_0"/>
</GenRun>
