<?xml version="1.0" encoding="UTF-8"?>
<GenRun Id="impl_1" LaunchPart="xc7a100tcsg324-1" LaunchTime="1554955459">
  <File Type="ROUTE-PWR" Name="DIV_power_routed.rpt"/>
  <File Type="PA-TCL" Name="DIV.tcl"/>
  <File Type="BITSTR-BMM" Name="DIV_bd.bmm"/>
  <File Type="ROUTE-PWR-SUM" Name="DIV_power_summary_routed.pb"/>
  <File Type="REPORTS-TCL" Name="DIV_reports.tcl"/>
  <File Type="OPT-DCP" Name="DIV_opt.dcp"/>
  <File Type="OPT-DRC" Name="DIV_drc_opted.rpt"/>
  <File Type="OPT-HWDEF" Name="DIV.hwdef"/>
  <File Type="PWROPT-DCP" Name="DIV_pwropt.dcp"/>
  <File Type="PLACE-DCP" Name="DIV_placed.dcp"/>
  <File Type="PLACE-IO" Name="DIV_io_placed.rpt"/>
  <File Type="PLACE-UTIL" Name="DIV_utilization_placed.rpt"/>
  <File Type="PLACE-UTIL-PB" Name="DIV_utilization_placed.pb"/>
  <File Type="PLACE-CTRL" Name="DIV_control_sets_placed.rpt"/>
  <File Type="PLACE-PRE-SIMILARITY" Name="DIV_incremental_reuse_pre_placed.rpt"/>
  <File Type="BG-BGN" Name="DIV.bgn"/>
  <File Type="POSTPLACE-PWROPT-DCP" Name="DIV_postplace_pwropt.dcp"/>
  <File Type="BG-BIN" Name="DIV.bin"/>
  <File Type="PHYSOPT-DCP" Name="DIV_physopt.dcp"/>
  <File Type="BITSTR-MSK" Name="DIV.msk"/>
  <File Type="ROUTE-ERROR-DCP" Name="DIV_routed_error.dcp"/>
  <File Type="ROUTE-DCP" Name="DIV_routed.dcp"/>
  <File Type="ROUTE-BLACKBOX-DCP" Name="DIV_routed_bb.dcp"/>
  <File Type="ROUTE-DRC" Name="DIV_drc_routed.rpt"/>
  <File Type="ROUTE-DRC-PB" Name="DIV_drc_routed.pb"/>
  <File Type="ROUTE-DRC-RPX" Name="DIV_drc_routed.rpx"/>
  <File Type="BITSTR-LTX" Name="DIV.ltx"/>
  <File Type="ROUTE-METHODOLOGY-DRC" Name="DIV_methodology_drc_routed.rpt"/>
  <File Type="BITSTR-MMI" Name="DIV.mmi"/>
  <File Type="ROUTE-METHODOLOGY-DRC-RPX" Name="DIV_methodology_drc_routed.rpx"/>
  <File Type="ROUTE-METHODOLOGY-DRC-PB" Name="DIV_methodology_drc_routed.pb"/>
  <File Type="BITSTR-SYSDEF" Name="DIV.sysdef"/>
  <File Type="ROUTE-PWR-RPX" Name="DIV_power_routed.rpx"/>
  <File Type="ROUTE-STATUS" Name="DIV_route_status.rpt"/>
  <File Type="ROUTE-STATUS-PB" Name="DIV_route_status.pb"/>
  <File Type="ROUTE-TIMINGSUMMARY" Name="DIV_timing_summary_routed.rpt"/>
  <File Type="ROUTE-TIMING-PB" Name="DIV_timing_summary_routed.pb"/>
  <File Type="ROUTE-TIMING-RPX" Name="DIV_timing_summary_routed.rpx"/>
  <File Type="ROUTE-CLK" Name="DIV_clock_utilization_routed.rpt"/>
  <File Type="ROUTE-BUS-SKEW" Name="DIV_bus_skew_routed.rpt"/>
  <File Type="ROUTE-BUS-SKEW-PB" Name="DIV_bus_skew_routed.pb"/>
  <File Type="ROUTE-BUS-SKEW-RPX" Name="DIV_bus_skew_routed.rpx"/>
  <File Type="POSTROUTE-PHYSOPT-DCP" Name="DIV_postroute_physopt.dcp"/>
  <File Type="POSTROUTE-PHYSOPT-BLACKBOX-DCP" Name="DIV_postroute_physopt_bb.dcp"/>
  <File Type="BG-BIT" Name="DIV.bit"/>
  <File Type="BITSTR-RBT" Name="DIV.rbt"/>
  <File Type="BITSTR-NKY" Name="DIV.nky"/>
  <File Type="BG-DRC" Name="DIV.drc"/>
  <File Type="RDI-RDI" Name="DIV.vdi"/>
  <File Type="WBT-USG" Name="usage_statistics_webtalk.html"/>
  <FileSet Name="sources" Type="DesignSrcs" RelSrcDir="$PSRCDIR/sources_1">
    <Filter Type="Srcs"/>
    <File Path="$PSRCDIR/sources_1/new/DIV.v">
      <FileInfo>
        <Attr Name="ImportPath" Val="$PPRDIR/../../../../DIV.srcs/sources_1/new/DIV.v"/>
        <Attr Name="ImportTime" Val="1554215296"/>
        <Attr Name="UsedIn" Val="synthesis"/>
        <Attr Name="UsedIn" Val="implementation"/>
        <Attr Name="UsedIn" Val="simulation"/>
      </FileInfo>
    </File>
    <Config>
      <Option Name="DesignMode" Val="RTL"/>
      <Option Name="TopModule" Val="DIV"/>
      <Option Name="TopAutoSet" Val="TRUE"/>
    </Config>
  </FileSet>
  <FileSet Name="constrs_in" Type="Constrs" RelSrcDir="$PSRCDIR/constrs_1">
    <Filter Type="Constrs"/>
    <File Path="$PSRCDIR/constrs_1/new/DIV.xdc">
      <FileInfo>
        <Attr Name="ImportPath" Val="$PPRDIR/../../../../DIV.srcs/constrs_1/new/DIV.xdc"/>
        <Attr Name="ImportTime" Val="1553772658"/>
        <Attr Name="UsedIn" Val="synthesis"/>
        <Attr Name="UsedIn" Val="implementation"/>
      </FileInfo>
    </File>
    <Config>
      <Option Name="ConstrsType" Val="XDC"/>
    </Config>
  </FileSet>
  <Strategy Version="1" Minor="2">
    <StratHandle Name="Vivado Implementation Defaults" Flow="Vivado Implementation 2018"/>
    <Step Id="init_design"/>
    <Step Id="opt_design"/>
    <Step Id="power_opt_design"/>
    <Step Id="place_design"/>
    <Step Id="post_place_power_opt_design"/>
    <Step Id="phys_opt_design"/>
    <Step Id="route_design"/>
    <Step Id="post_route_phys_opt_design"/>
    <Step Id="write_bitstream"/>
  </Strategy>
</GenRun>
