<?xml version="1.0" encoding="UTF-8"?>
<GenRun Id="synth_1" LaunchPart="xc7a100tcsg324-1" LaunchTime="1554193053">
  <File Type="PA-TCL" Name="RST.tcl"/>
  <File Type="REPORTS-TCL" Name="RST_reports.tcl"/>
  <File Type="RDS-RDS" Name="RST.vds"/>
  <File Type="RDS-UTIL" Name="RST_utilization_synth.rpt"/>
  <File Type="RDS-UTIL-PB" Name="RST_utilization_synth.pb"/>
  <File Type="RDS-DCP" Name="RST.dcp"/>
  <FileSet Name="sources" Type="DesignSrcs" RelSrcDir="$PSRCDIR/sources_1">
    <Filter Type="Srcs"/>
    <File Path="$PSRCDIR/sources_1/new/RST.v">
      <FileInfo>
        <Attr Name="ImportPath" Val="F:/COD/lab2/SRT/SRT.srcs/sources_1/new/RST.v"/>
        <Attr Name="ImportTime" Val="1553777251"/>
        <Attr Name="UsedIn" Val="synthesis"/>
        <Attr Name="UsedIn" Val="implementation"/>
        <Attr Name="UsedIn" Val="simulation"/>
      </FileInfo>
    </File>
    <File Path="$PSRCDIR/sources_1/ip/clk_wiz_0_1/clk_wiz_0.xci">
      <FileInfo>
        <Attr Name="AutoDisabled" Val="1"/>
        <Attr Name="ImportPath" Val="F:/COD/lab2/SRT/SRT.srcs/sources_1/ip/clk_wiz_0_1/clk_wiz_0.xci"/>
        <Attr Name="ImportTime" Val="1553600545"/>
        <Attr Name="UsedIn" Val="synthesis"/>
        <Attr Name="UsedIn" Val="implementation"/>
        <Attr Name="UsedIn" Val="simulation"/>
      </FileInfo>
    </File>
    <Config>
      <Option Name="DesignMode" Val="RTL"/>
      <Option Name="TopModule" Val="RST"/>
      <Option Name="TopAutoSet" Val="TRUE"/>
    </Config>
  </FileSet>
  <FileSet Name="constrs_in" Type="Constrs" RelSrcDir="$PSRCDIR/constrs_1">
    <Filter Type="Constrs"/>
    <File Path="$PSRCDIR/constrs_1/imports/SRT/Nexys4DDR_Master.xdc">
      <FileInfo>
        <Attr Name="ImportPath" Val="F:/COD/lab2/SRT/Nexys4DDR_Master.xdc"/>
        <Attr Name="ImportTime" Val="1553771741"/>
        <Attr Name="UsedIn" Val="synthesis"/>
        <Attr Name="UsedIn" Val="implementation"/>
      </FileInfo>
    </File>
    <Config>
      <Option Name="ConstrsType" Val="XDC"/>
    </Config>
  </FileSet>
  <Strategy Version="1" Minor="2">
    <StratHandle Name="Vivado Synthesis Defaults" Flow="Vivado Synthesis 2018"/>
    <Step Id="synth_design"/>
  </Strategy>
</GenRun>
