<?xml version="1.0" encoding="UTF-8"?>
<GenRun Id="synth_1" LaunchPart="xc7a100tcsg324-1" LaunchTime="1555670129">
  <File Type="PA-TCL" Name="FIFO.tcl"/>
  <File Type="REPORTS-TCL" Name="FIFO_reports.tcl"/>
  <File Type="RDS-RDS" Name="FIFO.vds"/>
  <File Type="RDS-UTIL" Name="FIFO_utilization_synth.rpt"/>
  <File Type="RDS-UTIL-PB" Name="FIFO_utilization_synth.pb"/>
  <File Type="RDS-DCP" Name="FIFO.dcp"/>
  <FileSet Name="sources" Type="DesignSrcs" RelSrcDir="$PSRCDIR/sources_1">
    <Filter Type="Srcs"/>
    <File Path="$PSRCDIR/sources_1/new/FIFO.v">
      <FileInfo>
        <Attr Name="ImportPath" Val="D:/VIVADO_Project/COD/lab3_FIFO/lab3_FIFO.srcs/sources_1/new/FIFO.v"/>
        <Attr Name="ImportTime" Val="1555670093"/>
        <Attr Name="UsedIn" Val="synthesis"/>
        <Attr Name="UsedIn" Val="implementation"/>
        <Attr Name="UsedIn" Val="simulation"/>
      </FileInfo>
    </File>
    <Config>
      <Option Name="DesignMode" Val="RTL"/>
      <Option Name="TopModule" Val="FIFO"/>
      <Option Name="TopAutoSet" Val="TRUE"/>
    </Config>
  </FileSet>
  <FileSet Name="constrs_in" Type="Constrs" RelSrcDir="$PSRCDIR/constrs_1">
    <Filter Type="Constrs"/>
    <File Path="$PSRCDIR/constrs_1/new/FIFO.xdc">
      <FileInfo>
        <Attr Name="ImportPath" Val="D:/VIVADO_Project/COD/lab3_FIFO/lab3_FIFO.srcs/constrs_1/new/FIFO.xdc"/>
        <Attr Name="ImportTime" Val="1555669119"/>
        <Attr Name="UsedIn" Val="synthesis"/>
        <Attr Name="UsedIn" Val="implementation"/>
      </FileInfo>
    </File>
    <Config>
      <Option Name="ConstrsType" Val="XDC"/>
    </Config>
  </FileSet>
  <Strategy Version="1" Minor="2">
    <StratHandle Name="Vivado Synthesis Defaults" Flow="Vivado Synthesis 2018"/>
    <Step Id="synth_design"/>
  </Strategy>
  <BlockFileSet Type="BlockSrcs" Name="clk_wiz_0"/>
</GenRun>
