<?xml version="1.0" encoding="UTF-8"?>
<GenRun Id="synth_1" LaunchPart="xc7a100tcsg324-1" LaunchTime="1554955459">
  <File Type="PA-TCL" Name="DIV.tcl"/>
  <File Type="REPORTS-TCL" Name="DIV_reports.tcl"/>
  <File Type="RDS-RDS" Name="DIV.vds"/>
  <File Type="RDS-UTIL" Name="DIV_utilization_synth.rpt"/>
  <File Type="RDS-UTIL-PB" Name="DIV_utilization_synth.pb"/>
  <File Type="RDS-DCP" Name="DIV.dcp"/>
  <FileSet Name="sources" Type="DesignSrcs" RelSrcDir="$PSRCDIR/sources_1">
    <Filter Type="Srcs"/>
    <File Path="$PSRCDIR/sources_1/new/DIV.v">
      <FileInfo>
        <Attr Name="ImportPath" Val="$PPRDIR/../../../../DIV.srcs/sources_1/new/DIV.v"/>
        <Attr Name="ImportTime" Val="1554215296"/>
        <Attr Name="UsedIn" Val="synthesis"/>
        <Attr Name="UsedIn" Val="implementation"/>
        <Attr Name="UsedIn" Val="simulation"/>
      </FileInfo>
    </File>
    <Config>
      <Option Name="DesignMode" Val="RTL"/>
      <Option Name="TopModule" Val="DIV"/>
      <Option Name="TopAutoSet" Val="TRUE"/>
    </Config>
  </FileSet>
  <FileSet Name="constrs_in" Type="Constrs" RelSrcDir="$PSRCDIR/constrs_1">
    <Filter Type="Constrs"/>
    <File Path="$PSRCDIR/constrs_1/new/DIV.xdc">
      <FileInfo>
        <Attr Name="ImportPath" Val="$PPRDIR/../../../../DIV.srcs/constrs_1/new/DIV.xdc"/>
        <Attr Name="ImportTime" Val="1553772658"/>
        <Attr Name="UsedIn" Val="synthesis"/>
        <Attr Name="UsedIn" Val="implementation"/>
      </FileInfo>
    </File>
    <Config>
      <Option Name="ConstrsType" Val="XDC"/>
    </Config>
  </FileSet>
  <Strategy Version="1" Minor="2">
    <StratHandle Name="Vivado Synthesis Defaults" Flow="Vivado Synthesis 2018"/>
    <Step Id="synth_design"/>
  </Strategy>
</GenRun>
